aluno,disciplina,avaliacao,nota
Ana,Matemática,P1,9.5
Ana,Português,P1,5.0
Ana,Ciências,P1,8.5
Bruno,Matemática,P1,7.0
Bruno,Português,P1,4.5
Bruno,Ciências,P1,4.5
Carla,Matemática,P1,6.0
Carla,Português,P1,10.0
Carla,Ciências,P1,9.5
Diego,Matemática,P1,8.5
Diego,Português,P1,7.5
Diego,Ciências,P1,7.5
Elisa,Matemática,P1,4.5
Elisa,Português,P1,7.0
Elisa,Ciências,P1,8.5
Fábio,Matemática,P1,6.5
Fábio,Português,P1,8.0
Fábio,Ciências,P1,9.0
Gabi,Matemática,P1,9.0
Gabi,Português,P1,10.0
Gabi,Ciências,P1,5.0
Hugo,Matemática,P1,6.5
Hugo,Português,P1,9.5
Hugo,Ciências,P1,9.0
Iris,Matemática,P1,7.0
Iris,Português,P1,10.0
Iris,Ciências,P1,9.5
João,Matemática,P1,10.0
João,Português,P1,5.0
João,Ciências,P1,8.0
